"ID","Description","Statistics","P-value","q-value"
"PF05664","Plant family of unknown function (DUF810)","13/34399 | 4/1352","0.001277","0.2723"
"PF12043","Domain of unknown function (DUF3527)","2/34399 | 2/1352","0.001544","0.2723"
"PF14306","PUA-like domain","2/34399 | 2/1352","0.001544","0.2723"
"PF10453","Nuclear fragile X mental retardation-interacting protein 1 (NUFIP1)","2/34399 | 2/1352","0.001544","0.2723"
"PF09742","Dyggve-Melchior-Clausen syndrome protein","2/34399 | 2/1352","0.001544","0.2723"
"PF14833","NAD-binding of NADP-dependent 3-hydroxyisobutyrate dehydrogenase","7/34399 | 3/1352","0.001882","0.2724"
"PF00806","Pumilio-family RNA binding repeat","15/34399 | 4/1352","0.002290","0.2724"
"PF12214","Cell cycle regulated microtubule associated protein","3/34399 | 2/1352","0.004510","0.2724"
"PF02391","MoaE protein","3/34399 | 2/1352","0.004510","0.2724"
"PF00237","Ribosomal protein L22p/L17e","3/34399 | 2/1352","0.004510","0.2724"
"PF01747","ATP-sulfurylase","3/34399 | 2/1352","0.004510","0.2724"
"PF14432","DYW family of nucleic acid deaminases","481/34399 | 31/1352","0.005248","0.2724"
"PF13445","RING-type zinc-finger","10/34399 | 3/1352","0.005907","0.2724"
"PF00248","Aldo/keto reductase family","58/34399 | 7/1352","0.007467","0.2724"
"PF06219","Protein of unknown function (DUF1005)","11/34399 | 3/1352","0.007886","0.2724"
"PF13041","PPR repeat family","1176/34399 | 63/1352","0.008461","0.2724"
"PF00036","EF hand","13/34399 | 3/1352","0.01289","0.2724"
"PF01535","PPR repeat","1140/34399 | 60/1352","0.01401","0.2724"
"PF00316","Fructose-1-6-bisphosphatase, N-terminal domain","5/34399 | 2/1352","0.01426","0.2724"
"PF05179","RNA pol II accessory factor, Cdc73 family, C-terminal","5/34399 | 2/1352","0.01426","0.2724"
"PF08506","Cse1","5/34399 | 2/1352","0.01426","0.2724"
"PF02781","Glucose-6-phosphate dehydrogenase, C-terminal domain","5/34399 | 2/1352","0.01426","0.2724"
"PF04810","Sec23/Sec24 zinc finger","5/34399 | 2/1352","0.01426","0.2724"
"PF01028","Eukaryotic DNA topoisomerase I, catalytic core","5/34399 | 2/1352","0.01426","0.2724"
"PF00479","Glucose-6-phosphate dehydrogenase, NAD binding domain","5/34399 | 2/1352","0.01426","0.2724"
"PF05495","CHY zinc finger","5/34399 | 2/1352","0.01426","0.2724"
"PF03104","DNA polymerase family B, exonuclease domain","5/34399 | 2/1352","0.01426","0.2724"
"PF09261","Alpha mannosidase middle domain","5/34399 | 2/1352","0.01426","0.2724"
"PF02824","TGS domain","5/34399 | 2/1352","0.01426","0.2724"
"PF09425","Divergent CCT motif","40/34399 | 5/1352","0.01958","0.2724"
"PF00153","Mitochondrial carrier protein","103/34399 | 9/1352","0.02024","0.2724"
"PF00324","Amino acid permease","6/34399 | 2/1352","0.02084","0.2724"
"PF07797","Protein of unknown function (DUF1639)","6/34399 | 2/1352","0.02084","0.2724"
"PF02135","TAZ zinc finger","6/34399 | 2/1352","0.02084","0.2724"
"PF00989","PAS fold","6/34399 | 2/1352","0.02084","0.2724"
"PF09258","Glycosyl transferase family 64 domain","6/34399 | 2/1352","0.02084","0.2724"
"PF02182","SAD/SRA domain","16/34399 | 3/1352","0.02313","0.2724"
"PF06886","Targeting protein for Xklp2 (TPX2)","16/34399 | 3/1352","0.02313","0.2724"
"PF02373","JmjC domain, hydroxylase","16/34399 | 3/1352","0.02313","0.2724"
"PF00627","UBA/TS-N domain","17/34399 | 3/1352","0.02728","0.2724"
"PF06472","ABC transporter transmembrane region 2","7/34399 | 2/1352","0.02842","0.2724"
"PF13334","Domain of unknown function (DUF4094)","7/34399 | 2/1352","0.02842","0.2724"
"PF00385","Chromo (CHRromatin Organisation MOdifier) domain","7/34399 | 2/1352","0.02842","0.2724"
"PF00072","Response regulator receiver domain","46/34399 | 5/1352","0.03369","0.2724"
"PF00071","Ras family","96/34399 | 8/1352","0.03537","0.2724"
"PF13418","Galactose oxidase, central domain","19/34399 | 3/1352","0.03668","0.2724"
"PF02115","RHO protein GDP dissociation inhibitor","8/34399 | 2/1352","0.03692","0.2724"
"PF07990","Nucleic acid binding protein NABP","8/34399 | 2/1352","0.03692","0.2724"
"PF02861","Clp amino terminal domain, pathogenicity island component","8/34399 | 2/1352","0.03692","0.2724"
"PF14144","Seed dormancy control","8/34399 | 2/1352","0.03692","0.2724"
"PF00162","Phosphoglycerate kinase","8/34399 | 2/1352","0.03692","0.2724"
"PF10471","Anaphase-promoting complex APC subunit CDC26","1/34399 | 1/1352","0.03930","0.2724"
"PF02577","Bifunctional nuclease","1/34399 | 1/1352","0.03930","0.2724"
"PF08038","TOM7 family","1/34399 | 1/1352","0.03930","0.2724"
"PF16415","CCR4-NOT transcription complex subunit 1 CAF1-binding domain","1/34399 | 1/1352","0.03930","0.2724"
"PF02929","Beta galactosidase small chain","1/34399 | 1/1352","0.03930","0.2724"
"PF06201","PITH domain","1/34399 | 1/1352","0.03930","0.2724"
"PF09808","Small nuclear RNA activating complex (SNAPc), subunit SNAP43","1/34399 | 1/1352","0.03930","0.2724"
"PF07297","Dolichol phosphate-mannose biosynthesis regulatory protein (DPM2)","1/34399 | 1/1352","0.03930","0.2724"
"PF07818","HCNGP-like protein","1/34399 | 1/1352","0.03930","0.2724"
"PF04931","DNA polymerase phi","1/34399 | 1/1352","0.03930","0.2724"
"PF03343","SART-1 family","1/34399 | 1/1352","0.03930","0.2724"
"PF04414","D-aminoacyl-tRNA deacylase","1/34399 | 1/1352","0.03930","0.2724"
"PF00430","ATP synthase B/B CF(0)","1/34399 | 1/1352","0.03930","0.2724"
"PF10220","Smg8_Smg9","1/34399 | 1/1352","0.03930","0.2724"
"PF12755","Vacuolar 14 Fab1-binding region","1/34399 | 1/1352","0.03930","0.2724"
"PF12836","Helix-hairpin-helix motif","1/34399 | 1/1352","0.03930","0.2724"
"PF03190","Protein of unknown function, DUF255","1/34399 | 1/1352","0.03930","0.2724"
"PF05239","PRC-barrel domain","1/34399 | 1/1352","0.03930","0.2724"
"PF12838","4Fe-4S dicluster domain","1/34399 | 1/1352","0.03930","0.2724"
"PF01946","Thi4 family","1/34399 | 1/1352","0.03930","0.2724"
"PF07569","TUP1-like enhancer of split","1/34399 | 1/1352","0.03930","0.2724"
"PF13570","PQQ-like domain","1/34399 | 1/1352","0.03930","0.2724"
"PF12830","Sister chromatid cohesion C-terminus","1/34399 | 1/1352","0.03930","0.2724"
"PF05024","N-acetylglucosaminyl transferase component (Gpi1)","1/34399 | 1/1352","0.03930","0.2724"
"PF04588","Hypoxia induced protein conserved region","1/34399 | 1/1352","0.03930","0.2724"
"PF01776","Ribosomal L22e protein family","1/34399 | 1/1352","0.03930","0.2724"
"PF12432","Protein of unknown function (DUF3677)","1/34399 | 1/1352","0.03930","0.2724"
"PF04192","Utp21 specific WD40 associated putative domain","1/34399 | 1/1352","0.03930","0.2724"
"PF04781","Protein of unknown function (DUF627)","1/34399 | 1/1352","0.03930","0.2724"
"PF16760","Starch/carbohydrate-binding module (family 53)","1/34399 | 1/1352","0.03930","0.2724"
"PF01549","ShK domain-like","1/34399 | 1/1352","0.03930","0.2724"
"PF08155","NOGCT (NUC087) domain","1/34399 | 1/1352","0.03930","0.2724"
"PF14688","Domain of unknown function (DUF4461)","1/34399 | 1/1352","0.03930","0.2724"
"PF06883","RNA polymerase I, Rpa2 specific domain","1/34399 | 1/1352","0.03930","0.2724"
"PF08122","NADH-ubiquinone oxidoreductase B12 subunit family","1/34399 | 1/1352","0.03930","0.2724"
"PF03378","CAS/CSE protein, C-terminus","1/34399 | 1/1352","0.03930","0.2724"
"PF10494","Serine-threonine protein kinase 19","1/34399 | 1/1352","0.03930","0.2724"
"PF02296","Alpha adaptin AP2, C-terminal domain","1/34399 | 1/1352","0.03930","0.2724"
"PF07819","PGAP1-like protein","1/34399 | 1/1352","0.03930","0.2724"
"PF10276","Zinc-finger domain","1/34399 | 1/1352","0.03930","0.2724"
"PF01712","Deoxynucleoside kinase","1/34399 | 1/1352","0.03930","0.2724"
"PF01927","Mut7-C RNAse domain","1/34399 | 1/1352","0.03930","0.2724"
"PF12662","Complement Clr-like EGF-like","1/34399 | 1/1352","0.03930","0.2724"
"PF12842","Domain of unknown function (DUF3819)","1/34399 | 1/1352","0.03930","0.2724"
"PF08623","TATA-binding protein interacting (TIP20)","1/34399 | 1/1352","0.03930","0.2724"
"PF14648","FAM91 C-terminus","1/34399 | 1/1352","0.03930","0.2724"
"PF12046","Cofactor assembly of complex C subunit B","1/34399 | 1/1352","0.03930","0.2724"
"PF05822","Pyrimidine 5-nucleotidase (UMPH-1)","1/34399 | 1/1352","0.03930","0.2724"
"PF08321","PPP5 TPR repeat region","1/34399 | 1/1352","0.03930","0.2724"
"PF14619","Snf2-ATP coupling, chromatin remodelling complex","1/34399 | 1/1352","0.03930","0.2724"
"PF09103","BRCA2, oligonucleotide/oligosaccharide-binding, domain 1","1/34399 | 1/1352","0.03930","0.2724"
"PF09169","BRCA2, helical","1/34399 | 1/1352","0.03930","0.2724"
"PF04056","Ssl1-like","1/34399 | 1/1352","0.03930","0.2724"
"PF08806","Sep15/SelM redox domain","1/34399 | 1/1352","0.03930","0.2724"
"PF11965","Domain of unknown function (DUF3479)","1/34399 | 1/1352","0.03930","0.2724"
"PF06792","Uncharacterised protein family (UPF0261)","1/34399 | 1/1352","0.03930","0.2724"
"PF01267","F-actin capping protein alpha subunit","1/34399 | 1/1352","0.03930","0.2724"
"PF03556","Cullin binding","1/34399 | 1/1352","0.03930","0.2724"
"PF02403","Seryl-tRNA synthetase N-terminal domain","1/34399 | 1/1352","0.03930","0.2724"
"PF10252","Casein kinase substrate phosphoprotein PP28","1/34399 | 1/1352","0.03930","0.2724"
"PF12572","Protein of unknown function (DUF3752)","1/34399 | 1/1352","0.03930","0.2724"
"PF04836","Interferon-related protein conserved region","1/34399 | 1/1352","0.03930","0.2724"
"PF15996","Arginine/serine-rich protein PNISR","1/34399 | 1/1352","0.03930","0.2724"
"PF05004","Interferon-related developmental regulator (IFRD)","1/34399 | 1/1352","0.03930","0.2724"
"PF12745","Anticodon binding domain of tRNAs","1/34399 | 1/1352","0.03930","0.2724"
"PF10058","Predicted integral membrane zinc-ribbon metal-binding protein","1/34399 | 1/1352","0.03930","0.2724"
"PF05768","Glutaredoxin-like domain (DUF836)","1/34399 | 1/1352","0.03930","0.2724"
"PF08492","SRP72 RNA-binding domain","1/34399 | 1/1352","0.03930","0.2724"
"PF17004","Putative TPR-like repeat","1/34399 | 1/1352","0.03930","0.2724"
"PF02514","CobN/Magnesium Chelatase","1/34399 | 1/1352","0.03930","0.2724"
"PF01491","Frataxin-like domain","1/34399 | 1/1352","0.03930","0.2724"
"PF01168","Alanine racemase, N-terminal domain","1/34399 | 1/1352","0.03930","0.2724"
"PF04780","Protein of unknown function (DUF629)","1/34399 | 1/1352","0.03930","0.2724"
"PF17286","PRMT5 oligomerisation domain","1/34399 | 1/1352","0.03930","0.2724"
"PF02502","Ribose/Galactose Isomerase","1/34399 | 1/1352","0.03930","0.2724"
"PF00628","PHD-finger","48/34399 | 5/1352","0.03951","0.2724"
"PF00004","ATPase family associated with various cellular activities (AAA)","153/34399 | 11/1352","0.03953","0.2724"
"PF02463","RecF/RecN/SMC N terminal domain","9/34399 | 2/1352","0.04625","0.3090"
"PF03727","Hexokinase","9/34399 | 2/1352","0.04625","0.3090"
"PF11820","Protein of unknown function (DUF3339)","9/34399 | 2/1352","0.04625","0.3090"
"PF01063","Amino-transferase class IV","9/34399 | 2/1352","0.04625","0.3090"
"PF13920","Zinc finger, C3HC4 type (RING finger)","37/34399 | 4/1352","0.05620","0.3160"
"PF12894","Anaphase-promoting complex subunit 4 WD40 domain","10/34399 | 2/1352","0.05633","0.3160"
"PF03942","DTW domain","10/34399 | 2/1352","0.05633","0.3160"
"PF01753","MYND finger","10/34399 | 2/1352","0.05633","0.3160"
"PF13962","Domain of unknown function","10/34399 | 2/1352","0.05633","0.3160"
"PF14309","Domain of unknown function (DUF4378)","10/34399 | 2/1352","0.05633","0.3160"
"PF01399","PCI domain","24/34399 | 3/1352","0.06638","0.3160"
"PF00583","Acetyltransferase (GNAT) family","24/34399 | 3/1352","0.06638","0.3160"
"PF00350","Dynamin family","24/34399 | 3/1352","0.06638","0.3160"
"PF00632","HECT-domain (ubiquitin-transferase)","24/34399 | 3/1352","0.06638","0.3160"
"PF13450","NAD(P)-binding Rossmann-like domain","11/34399 | 2/1352","0.06710","0.3160"
"PF02190","ATP-dependent protease La (LON) substrate-binding domain","11/34399 | 2/1352","0.06710","0.3160"
"PF05564","Dormancy/auxin associated protein","11/34399 | 2/1352","0.06710","0.3160"
"PF05687","BES1/BZR1 plant transcription factor, N-terminal","11/34399 | 2/1352","0.06710","0.3160"
"PF08323","Starch synthase catalytic domain","11/34399 | 2/1352","0.06710","0.3160"
"PF01189","16S rRNA methyltransferase RsmB/F","11/34399 | 2/1352","0.06710","0.3160"
"PF00160","Cyclophilin type peptidyl-prolyl cis-trans isomerase/CLD","40/34399 | 4/1352","0.07103","0.3160"
"PF09173","Initiation factor eIF2 gamma, C terminal","2/34399 | 1/1352","0.07706","0.3160"
"PF02867","Ribonucleotide reductase, barrel domain","2/34399 | 1/1352","0.07706","0.3160"
"PF04127","DNA / pantothenate metabolism flavoprotein","2/34399 | 1/1352","0.07706","0.3160"
"PF03522","Solute carrier family 12","2/34399 | 1/1352","0.07706","0.3160"
"PF01159","Ribosomal protein L6e","2/34399 | 1/1352","0.07706","0.3160"
"PF11805","Protein of unknown function (DUF3326)","2/34399 | 1/1352","0.07706","0.3160"
"PF16543","DRG Family Regulatory Proteins, Tma46","2/34399 | 1/1352","0.07706","0.3160"
"PF00750","tRNA synthetases class I (R)","2/34399 | 1/1352","0.07706","0.3160"
"PF08214","Histone acetylation protein","2/34399 | 1/1352","0.07706","0.3160"
"PF05091","Eukaryotic translation initiation factor 3 subunit 7 (eIF-3)","2/34399 | 1/1352","0.07706","0.3160"
"PF07466","Protein of unknown function (DUF1517)","2/34399 | 1/1352","0.07706","0.3160"
"PF07915","Glucosidase II beta subunit-like protein","2/34399 | 1/1352","0.07706","0.3160"
"PF08547","Complex I intermediate-associated protein 30 (CIA30)","2/34399 | 1/1352","0.07706","0.3160"
"PF06012","Domain of Unknown Function (DUF908)","2/34399 | 1/1352","0.07706","0.3160"
"PF04739","5-AMP-activated protein kinase beta subunit, interaction domain","2/34399 | 1/1352","0.07706","0.3160"
"PF04719","hTAFII28-like protein conserved region","2/34399 | 1/1352","0.07706","0.3160"
"PF16897","C-terminal region of MMR_HSR1 domain","2/34399 | 1/1352","0.07706","0.3160"
"PF09325","Vps5 C terminal like","2/34399 | 1/1352","0.07706","0.3160"
"PF01241","Photosystem I psaG / psaK","2/34399 | 1/1352","0.07706","0.3160"
"PF11282","Protein of unknown function (DUF3082)","2/34399 | 1/1352","0.07706","0.3160"
"PF13563","2-5 RNA ligase superfamily","2/34399 | 1/1352","0.07706","0.3160"
"PF02810","SEC-C motif","2/34399 | 1/1352","0.07706","0.3160"
"PF01778","Ribosomal L28e protein family","2/34399 | 1/1352","0.07706","0.3160"
"PF06414","Zeta toxin","2/34399 | 1/1352","0.07706","0.3160"
"PF11779","Small subunit of serine palmitoyltransferase-like","2/34399 | 1/1352","0.07706","0.3160"
"PF03476","MOSC N-terminal beta barrel domain","2/34399 | 1/1352","0.07706","0.3160"
"PF16121","40S ribosomal protein S4 C-terminus","2/34399 | 1/1352","0.07706","0.3160"
"PF02785","Biotin carboxylase C-terminal domain","2/34399 | 1/1352","0.07706","0.3160"
"PF08603","Adenylate cyclase associated (CAP) C terminal","2/34399 | 1/1352","0.07706","0.3160"
"PF09749","Uncharacterised conserved protein","2/34399 | 1/1352","0.07706","0.3160"
"PF07557","Shugoshin C terminus","2/34399 | 1/1352","0.07706","0.3160"
"PF05019","Coenzyme Q (ubiquinone) biosynthesis protein Coq4","2/34399 | 1/1352","0.07706","0.3160"
"PF14647","FAM91 N-terminus","2/34399 | 1/1352","0.07706","0.3160"
"PF05129","Transcription elongation factor Elf1 like","2/34399 | 1/1352","0.07706","0.3160"
"PF01256","Carbohydrate kinase","2/34399 | 1/1352","0.07706","0.3160"
"PF06461","Domain of Unknown Function (DUF1086)","2/34399 | 1/1352","0.07706","0.3160"
"PF08312","cwf21 domain","2/34399 | 1/1352","0.07706","0.3160"
"PF03477","ATP cone domain","2/34399 | 1/1352","0.07706","0.3160"
"PF02144","Repair protein Rad1/Rec1/Rad17","2/34399 | 1/1352","0.07706","0.3160"
"PF03034","Phosphatidyl serine synthase","2/34399 | 1/1352","0.07706","0.3160"
"PF05131","Pep3/Vps18/deep orange family","2/34399 | 1/1352","0.07706","0.3160"
"PF05158","RNA polymerase Rpc34 subunit","2/34399 | 1/1352","0.07706","0.3160"
"PF05684","Protein of unknown function (DUF819)","2/34399 | 1/1352","0.07706","0.3160"
"PF06159","Protein of unknown function (DUF974)","2/34399 | 1/1352","0.07706","0.3160"
"PF04188","Mannosyltransferase (PIG-V)","2/34399 | 1/1352","0.07706","0.3160"
"PF13386","Cytochrome C biogenesis protein transmembrane region","2/34399 | 1/1352","0.07706","0.3160"
"PF01348","Type II intron maturase","2/34399 | 1/1352","0.07706","0.3160"
"PF00829","Ribosomal prokaryotic L21 protein","2/34399 | 1/1352","0.07706","0.3160"
"PF10143","2,3-bisphosphoglycerate-independent phosphoglycerate mutase","2/34399 | 1/1352","0.07706","0.3160"
"PF03652","Holliday junction resolvase","2/34399 | 1/1352","0.07706","0.3160"
"PF07103","Protein of unknown function (DUF1365)","2/34399 | 1/1352","0.07706","0.3160"
"PF07650","KH domain","2/34399 | 1/1352","0.07706","0.3160"
"PF01869","BadF/BadG/BcrA/BcrD ATPase family","2/34399 | 1/1352","0.07706","0.3160"
"PF02254","TrkA-N domain","2/34399 | 1/1352","0.07706","0.3160"
"PF02137","Adenosine-deaminase (editase) domain","2/34399 | 1/1352","0.07706","0.3160"
"PF03531","Structure-specific recognition protein (SSRP1)","2/34399 | 1/1352","0.07706","0.3160"
"PF01245","Ribosomal protein L19","2/34399 | 1/1352","0.07706","0.3160"
"PF00699","Urease beta subunit","2/34399 | 1/1352","0.07706","0.3160"
"PF00886","Ribosomal protein S16","2/34399 | 1/1352","0.07706","0.3160"
"PF14437","MafB19-like deaminase","2/34399 | 1/1352","0.07706","0.3160"
"PF02883","Adaptin C-terminal domain","2/34399 | 1/1352","0.07706","0.3160"
"PF00570","HRDC domain","2/34399 | 1/1352","0.07706","0.3160"
"PF07851","TMPIT-like protein","2/34399 | 1/1352","0.07706","0.3160"
"PF02450","Lecithin:cholesterol acyltransferase","12/34399 | 2/1352","0.07847","0.3160"
"PF01380","SIS domain","12/34399 | 2/1352","0.07847","0.3160"
"PF01529","DHHC palmitoyltransferase","12/34399 | 2/1352","0.07847","0.3160"
"PF01429","Methyl-CpG binding domain","12/34399 | 2/1352","0.07847","0.3160"
"PF03446","NAD binding domain of 6-phosphogluconate dehydrogenase","12/34399 | 2/1352","0.07847","0.3160"
"PF04646","Protein of unknown function, DUF604","12/34399 | 2/1352","0.07847","0.3160"
"PF00675","Insulinase (Peptidase family M16)","12/34399 | 2/1352","0.07847","0.3160"
"PF05691","Raffinose synthase or seed imbibition protein Sip1","26/34399 | 3/1352","0.08055","0.3215"
"PF03000","NPH3 family","26/34399 | 3/1352","0.08055","0.3215"
"PF00571","CBS domain","27/34399 | 3/1352","0.08809","0.3468"
"PF00534","Glycosyl transferases group 1","27/34399 | 3/1352","0.08809","0.3468"
"PF07651","ANTH domain","27/34399 | 3/1352","0.08809","0.3468"
"PF11721","Di-glucose binding within endoplasmic reticulum","13/34399 | 2/1352","0.09040","0.3471"
"PF02469","Fasciclin domain","28/34399 | 3/1352","0.09591","0.3471"
"PF02458","Transferase family","200/34399 | 12/1352","0.09719","0.3471"
"PF05920","Homeobox KN domain","14/34399 | 2/1352","0.1028","0.3471"
"PF06911","Senescence-associated protein","14/34399 | 2/1352","0.1028","0.3471"
"PF00487","Fatty acid desaturase","14/34399 | 2/1352","0.1028","0.3471"
"PF05633","Protein BYPASS1-related","14/34399 | 2/1352","0.1028","0.3471"
"PF01190","Pollen proteins Ole e I like","29/34399 | 3/1352","0.1040","0.3471"
"PF00454","Phosphatidylinositol 3- and 4-kinase","29/34399 | 3/1352","0.1040","0.3471"
"PF17177","Pentacotripeptide-repeat region of PRORP","30/34399 | 3/1352","0.1123","0.3471"
"PF07460","NUMOD3 motif (2 copies)","3/34399 | 1/1352","0.1133","0.3471"
"PF05292","Malonyl-CoA decarboxylase C-terminal domain","3/34399 | 1/1352","0.1133","0.3471"
"PF02731","SKIP/SNW domain","3/34399 | 1/1352","0.1133","0.3471"
"PF13522","Glutamine amidotransferase domain","3/34399 | 1/1352","0.1133","0.3471"
"PF10197","N-terminal domain of CBF1 interacting co-repressor CIR","3/34399 | 1/1352","0.1133","0.3471"
"PF16321","Sigma 54 modulation/S30EA ribosomal protein C terminus","3/34399 | 1/1352","0.1133","0.3471"
"PF06437","IMP-specific 5-nucleotidase","3/34399 | 1/1352","0.1133","0.3471"
"PF07910","Peptidase family C78","3/34399 | 1/1352","0.1133","0.3471"
"PF06025","Domain of Unknown Function (DUF913)","3/34399 | 1/1352","0.1133","0.3471"
"PF01199","Ribosomal protein L34e","3/34399 | 1/1352","0.1133","0.3471"
"PF04096","Nucleoporin autopeptidase","3/34399 | 1/1352","0.1133","0.3471"
"PF04134","Protein of unknown function, DUF393","3/34399 | 1/1352","0.1133","0.3471"
"PF14938","Soluble NSF attachment protein, SNAP","3/34399 | 1/1352","0.1133","0.3471"
"PF03254","Xyloglucan fucosyltransferase","3/34399 | 1/1352","0.1133","0.3471"
"PF11987","Translation-initiation factor 2","3/34399 | 1/1352","0.1133","0.3471"
"PF01213","Adenylate cyclase associated (CAP) N terminal","3/34399 | 1/1352","0.1133","0.3471"
"PF01294","Ribosomal protein L13e","3/34399 | 1/1352","0.1133","0.3471"
"PF06087","Tyrosyl-DNA phosphodiesterase","3/34399 | 1/1352","0.1133","0.3471"
"PF12031","SWI/SNF-like complex subunit BAF250/Osa","3/34399 | 1/1352","0.1133","0.3471"
"PF03946","Ribosomal protein L11, N-terminal domain","3/34399 | 1/1352","0.1133","0.3471"
"PF03200","Glycosyl hydrolase family 63 C-terminal domain","3/34399 | 1/1352","0.1133","0.3471"
"PF06858","Nucleolar GTP-binding protein 1 (NOG1)","3/34399 | 1/1352","0.1133","0.3471"
"PF08767","CRM1 C terminal","3/34399 | 1/1352","0.1133","0.3471"
"PF03460","Nitrite/Sulfite reductase ferredoxin-like half domain","3/34399 | 1/1352","0.1133","0.3471"
"PF00252","Ribosomal protein L16p/L10e","3/34399 | 1/1352","0.1133","0.3471"
"PF07767","Nop53 (60S ribosomal biogenesis)","3/34399 | 1/1352","0.1133","0.3471"
"PF06248","Centromere/kinetochore Zw10","3/34399 | 1/1352","0.1133","0.3471"
"PF01019","Gamma-glutamyltranspeptidase","3/34399 | 1/1352","0.1133","0.3471"
"PF03876","SHS2 domain found in N terminus of Rpb7p/Rpc25p/MJ0397","3/34399 | 1/1352","0.1133","0.3471"
"PF10075","CSN8/PSMD8/EIF3K family","3/34399 | 1/1352","0.1133","0.3471"
"PF02213","GYF domain","3/34399 | 1/1352","0.1133","0.3471"
"PF07137","VDE lipocalin domain","3/34399 | 1/1352","0.1133","0.3471"
"PF01992","ATP synthase (C/AC39) subunit","3/34399 | 1/1352","0.1133","0.3471"
"PF00189","Ribosomal protein S3, C-terminal domain","3/34399 | 1/1352","0.1133","0.3471"
"PF01280","Ribosomal protein L19e","3/34399 | 1/1352","0.1133","0.3471"
"PF02475","Met-10+ like-protein","3/34399 | 1/1352","0.1133","0.3471"
"PF04852","Protein of unknown function (DUF640)","3/34399 | 1/1352","0.1133","0.3471"
"PF01595","Domain of unknown function DUF21","3/34399 | 1/1352","0.1133","0.3471"
"PF01450","Acetohydroxy acid isomeroreductase, catalytic domain","3/34399 | 1/1352","0.1133","0.3471"
"PF00253","Ribosomal protein S14p/S29e","3/34399 | 1/1352","0.1133","0.3471"
"PF04627","Mitochondrial ATP synthase epsilon chain","3/34399 | 1/1352","0.1133","0.3471"
"PF01012","Electron transfer flavoprotein domain","3/34399 | 1/1352","0.1133","0.3471"
"PF05365","Ubiquinol-cytochrome C reductase, UQCRX/QCR9 like","3/34399 | 1/1352","0.1133","0.3471"
"PF02482","Sigma 54 modulation protein / S30EA ribosomal protein","3/34399 | 1/1352","0.1133","0.3471"
"PF13378","Enolase C-terminal domain-like","3/34399 | 1/1352","0.1133","0.3471"
"PF06972","Protein of unknown function (DUF1296)","3/34399 | 1/1352","0.1133","0.3471"
"PF14377","Domain of unknown function (DUF4414)","3/34399 | 1/1352","0.1133","0.3471"
"PF09763","Exocyst complex component Sec3","3/34399 | 1/1352","0.1133","0.3471"
"PF08628","Sorting nexin C terminal","3/34399 | 1/1352","0.1133","0.3471"
"PF01323","DSBA-like thioredoxin domain","3/34399 | 1/1352","0.1133","0.3471"
"PF01222","Ergosterol biosynthesis ERG4/ERG24 family","3/34399 | 1/1352","0.1133","0.3471"
"PF12698","ABC-2 family transporter protein","3/34399 | 1/1352","0.1133","0.3471"
"PF07516","SecA Wing and Scaffold domain","3/34399 | 1/1352","0.1133","0.3471"
"PF08801","Nup133 N terminal like","3/34399 | 1/1352","0.1133","0.3471"
"PF03735","ENT domain","15/34399 | 2/1352","0.1156","0.3517"
"PF01263","Aldose 1-epimerase","15/34399 | 2/1352","0.1156","0.3517"
"PF00076","RNA recognition motif. (a.k.a. RRM, RBD, or RNP domain)","337/34399 | 18/1352","0.1180","0.3576"
"PF03514","GRAS domain family","48/34399 | 4/1352","0.1190","0.3595"
"PF07690","Major Facilitator Superfamily","31/34399 | 3/1352","0.1209","0.3628"
"PF07992","Pyridine nucleotide-disulphide oxidoreductase","31/34399 | 3/1352","0.1209","0.3628"
"PF00850","Histone deacetylase domain","16/34399 | 2/1352","0.1289","0.3671"
"PF14541","Xylanase inhibitor C-terminal","151/34399 | 9/1352","0.1414","0.3671"
"PF01985","CRS1 / YhbY (CRM) domain","17/34399 | 2/1352","0.1424","0.3671"
"PF04755","PAP_fibrillin","17/34399 | 2/1352","0.1424","0.3671"
"PF00027","Cyclic nucleotide-binding domain","17/34399 | 2/1352","0.1424","0.3671"
"PF03181","BURP domain","34/34399 | 3/1352","0.1481","0.3671"
"PF07646","Kelch motif","4/34399 | 1/1352","0.1482","0.3671"
"PF01250","Ribosomal protein S6","4/34399 | 1/1352","0.1482","0.3671"
"PF02325","YGGT family","4/34399 | 1/1352","0.1482","0.3671"
"PF12157","Protein of unknown function (DUF3591)","4/34399 | 1/1352","0.1482","0.3671"
"PF14249","Tocopherol cyclase","4/34399 | 1/1352","0.1482","0.3671"
"PF02880","Phosphoglucomutase/phosphomannomutase, alpha/beta/alpha domain III","4/34399 | 1/1352","0.1482","0.3671"
"PF00697","N-(5phosphoribosyl)anthranilate (PRA) isomerase","4/34399 | 1/1352","0.1482","0.3671"
"PF08458","Plant pleckstrin homology-like region","4/34399 | 1/1352","0.1482","0.3671"
"PF01975","Survival protein SurE","4/34399 | 1/1352","0.1482","0.3671"
"PF02845","CUE domain","4/34399 | 1/1352","0.1482","0.3671"
"PF00366","Ribosomal protein S17","4/34399 | 1/1352","0.1482","0.3671"
"PF00436","Single-strand binding protein family","4/34399 | 1/1352","0.1482","0.3671"
"PF12552","Protein of unknown function (DUF3741)","4/34399 | 1/1352","0.1482","0.3671"
"PF09409","PUB domain","4/34399 | 1/1352","0.1482","0.3671"
"PF00280","Potato inhibitor I family","4/34399 | 1/1352","0.1482","0.3671"
"PF08059","SEP domain","4/34399 | 1/1352","0.1482","0.3671"
"PF12931","Sec23-binding domain of Sec16","4/34399 | 1/1352","0.1482","0.3671"
"PF04387","Protein tyrosine phosphatase-like protein, PTPLA","4/34399 | 1/1352","0.1482","0.3671"
"PF07647","SAM domain (Sterile alpha motif)","4/34399 | 1/1352","0.1482","0.3671"
"PF06966","Protein of unknown function (DUF1295)","4/34399 | 1/1352","0.1482","0.3671"
"PF07842","GC-rich sequence DNA-binding factor-like protein","4/34399 | 1/1352","0.1482","0.3671"
"PF05786","Condensin complex subunit 2","4/34399 | 1/1352","0.1482","0.3671"
"PF11960","Domain of unknown function (DUF3474)","4/34399 | 1/1352","0.1482","0.3671"
"PF10609","NUBPL iron-transfer P-loop NTPase","4/34399 | 1/1352","0.1482","0.3671"
"PF05450","Nicastrin","4/34399 | 1/1352","0.1482","0.3671"
"PF14806","Coatomer beta subunit appendage platform","4/34399 | 1/1352","0.1482","0.3671"
"PF04565","RNA polymerase Rpb2, domain 3","4/34399 | 1/1352","0.1482","0.3671"
"PF03572","Peptidase family S41","4/34399 | 1/1352","0.1482","0.3671"
"PF02338","OTU-like cysteine protease","4/34399 | 1/1352","0.1482","0.3671"
"PF05470","Eukaryotic translation initiation factor 3 subunit 8 N-terminus","4/34399 | 1/1352","0.1482","0.3671"
"PF10248","Myelodysplasia-myeloid leukemia factor 1-interacting protein","4/34399 | 1/1352","0.1482","0.3671"
"PF07522","DNA repair metallo-beta-lactamase","4/34399 | 1/1352","0.1482","0.3671"
"PF00208","Glutamate/Leucine/Phenylalanine/Valine dehydrogenase","4/34399 | 1/1352","0.1482","0.3671"
"PF06232","Embryo-specific protein 3, (ATS3)","4/34399 | 1/1352","0.1482","0.3671"
"PF15247","Histone RNA hairpin-binding protein RNA-binding domain","4/34399 | 1/1352","0.1482","0.3671"
"PF06480","FtsH Extracellular","4/34399 | 1/1352","0.1482","0.3671"
"PF16124","RecQ zinc-binding","4/34399 | 1/1352","0.1482","0.3671"
"PF05340","Protein of unknown function (DUF740)","4/34399 | 1/1352","0.1482","0.3671"
"PF04539","Sigma-70 region 3","4/34399 | 1/1352","0.1482","0.3671"
"PF04542","Sigma-70 region 2","4/34399 | 1/1352","0.1482","0.3671"
"PF06485","Protein of unknown function (DUF1092)","4/34399 | 1/1352","0.1482","0.3671"
"PF00218","Indole-3-glycerol phosphate synthase","4/34399 | 1/1352","0.1482","0.3671"
"PF00613","Phosphoinositide 3-kinase family, accessory domain (PIK domain)","4/34399 | 1/1352","0.1482","0.3671"
"PF16040","Domain of unknown function (DUF4792)","4/34399 | 1/1352","0.1482","0.3671"
"PF00390","Malic enzyme, N-terminal domain","4/34399 | 1/1352","0.1482","0.3671"
"PF02622","Uncharacterized ACR, COG1678","4/34399 | 1/1352","0.1482","0.3671"
"PF01676","Metalloenzyme superfamily","4/34399 | 1/1352","0.1482","0.3671"
"PF14599","Zinc-ribbon","4/34399 | 1/1352","0.1482","0.3671"
"PF01283","Ribosomal protein S26e","4/34399 | 1/1352","0.1482","0.3671"
"PF12263","Protein of unknown function (DUF3611)","4/34399 | 1/1352","0.1482","0.3671"
"PF08446","PAS fold","4/34399 | 1/1352","0.1482","0.3671"
"PF13023","HD domain","4/34399 | 1/1352","0.1482","0.3671"
"PF07991","Acetohydroxy acid isomeroreductase, NADPH-binding domain","4/34399 | 1/1352","0.1482","0.3671"
"PF01928","CYTH domain","4/34399 | 1/1352","0.1482","0.3671"
"PF01106","NifU-like domain","4/34399 | 1/1352","0.1482","0.3671"
"PF00289","Biotin carboxylase, N-terminal domain","4/34399 | 1/1352","0.1482","0.3671"
"PF10354","Domain of unknown function (DUF2431)","18/34399 | 2/1352","0.1562","0.3817"
"PF11955","Plant organelle RNA recognition domain","18/34399 | 2/1352","0.1562","0.3817"
"PF01602","Adaptin N terminal region","18/34399 | 2/1352","0.1562","0.3817"
"PF00654","Voltage gated chloride channel","18/34399 | 2/1352","0.1562","0.3817"
"PF02847","MA3 domain","18/34399 | 2/1352","0.1562","0.3817"
"PF08392","FAE1/Type III polyketide synthase-like protein","35/34399 | 3/1352","0.1575","0.3837"
"PF13947","Wall-associated receptor kinase galacturonan-binding","55/34399 | 4/1352","0.1697","0.3870"
"PF01301","Glycosyl hydrolases family 35","19/34399 | 2/1352","0.1703","0.3870"
"PF01936","NYN domain","19/34399 | 2/1352","0.1703","0.3870"
"PF01762","Galactosyltransferase","19/34399 | 2/1352","0.1703","0.3870"
"PF15511","Centromere kinetochore component CENP-T histone fold","19/34399 | 2/1352","0.1703","0.3870"
"PF12906","RING-variant domain","19/34399 | 2/1352","0.1703","0.3870"
"PF00291","Pyridoxal-phosphate dependent enzyme","19/34399 | 2/1352","0.1703","0.3870"
"PF16050","Paf1 complex subunit CDC73 N-terminal","5/34399 | 1/1352","0.1817","0.3870"
"PF03470","XS zinc finger domain","5/34399 | 1/1352","0.1817","0.3870"
"PF05184","Saposin-like type B, region 1","5/34399 | 1/1352","0.1817","0.3870"
"PF03870","RNA polymerase Rpb8","5/34399 | 1/1352","0.1817","0.3870"
"PF00317","Ribonucleotide reductase, all-alpha domain","5/34399 | 1/1352","0.1817","0.3870"
"PF00887","Acyl CoA binding protein","5/34399 | 1/1352","0.1817","0.3870"
"PF04366","Las17-binding protein actin regulator","5/34399 | 1/1352","0.1817","0.3870"
"PF00154","recA bacterial DNA recombination protein","5/34399 | 1/1352","0.1817","0.3870"
"PF04675","DNA ligase N terminus","5/34399 | 1/1352","0.1817","0.3870"
"PF07713","Protein of unknown function (DUF1604)","5/34399 | 1/1352","0.1817","0.3870"
"PF06470","SMC proteins Flexible Hinge Domain","5/34399 | 1/1352","0.1817","0.3870"
"PF01756","Acyl-CoA oxidase","5/34399 | 1/1352","0.1817","0.3870"
"PF04488","Glycosyltransferase sugar-binding region containing DXD motif","5/34399 | 1/1352","0.1817","0.3870"
"PF00885","6,7-dimethyl-8-ribityllumazine synthase","5/34399 | 1/1352","0.1817","0.3870"
"PF00213","ATP synthase delta (OSCP) subunit","5/34399 | 1/1352","0.1817","0.3870"
"PF01103","Surface antigen","5/34399 | 1/1352","0.1817","0.3870"
"PF00805","Pentapeptide repeats (8 copies)","5/34399 | 1/1352","0.1817","0.3870"
"PF03789","ELK domain","5/34399 | 1/1352","0.1817","0.3870"
"PF02431","Chalcone-flavanone isomerase","5/34399 | 1/1352","0.1817","0.3870"
"PF13831","PHD-finger","5/34399 | 1/1352","0.1817","0.3870"
"PF07889","Protein of unknown function (DUF1664)","5/34399 | 1/1352","0.1817","0.3870"
"PF04427","Brix domain","5/34399 | 1/1352","0.1817","0.3870"
"PF07973","Threonyl and Alanyl tRNA synthetase second additional domain","5/34399 | 1/1352","0.1817","0.3870"
"PF05236","Transcription initiation factor TFIID component TAF4 family","5/34399 | 1/1352","0.1817","0.3870"
"PF07011","Protein of unknown function (DUF1313)","5/34399 | 1/1352","0.1817","0.3870"
"PF00360","Phytochrome region","5/34399 | 1/1352","0.1817","0.3870"
"PF14237","Domain of unknown function (DUF4339)","5/34399 | 1/1352","0.1817","0.3870"
"PF03371","PRP38 family","5/34399 | 1/1352","0.1817","0.3870"
"PF03790","KNOX1 domain","5/34399 | 1/1352","0.1817","0.3870"
"PF07798","Protein of unknown function (DUF1640)","5/34399 | 1/1352","0.1817","0.3870"
"PF04142","Nucleotide-sugar transporter","5/34399 | 1/1352","0.1817","0.3870"
"PF08536","Whirly transcription factor","5/34399 | 1/1352","0.1817","0.3870"
"PF02770","Acyl-CoA dehydrogenase, middle domain","5/34399 | 1/1352","0.1817","0.3870"
"PF03489","Saposin-like type B, region 2","5/34399 | 1/1352","0.1817","0.3870"
"PF02738","Molybdopterin-binding domain of aldehyde dehydrogenase","5/34399 | 1/1352","0.1817","0.3870"
"PF11886","Translocase of chloroplast 159/132, membrane anchor domain","5/34399 | 1/1352","0.1817","0.3870"
"PF13692","Glycosyl transferases group 1","5/34399 | 1/1352","0.1817","0.3870"
"PF02812","Glu/Leu/Phe/Val dehydrogenase, dimerisation domain","5/34399 | 1/1352","0.1817","0.3870"
"PF03223","V-ATPase subunit C","5/34399 | 1/1352","0.1817","0.3870"
"PF07393","Exocyst complex component Sec10","5/34399 | 1/1352","0.1817","0.3870"
"PF00412","LIM domain","5/34399 | 1/1352","0.1817","0.3870"
"PF02878","Phosphoglucomutase/phosphomannomutase, alpha/beta/alpha domain I","5/34399 | 1/1352","0.1817","0.3870"
"PF03791","KNOX2 domain","5/34399 | 1/1352","0.1817","0.3870"
"PF02270","Transcription initiation factor IIF, beta subunit","5/34399 | 1/1352","0.1817","0.3870"
"PF08797","HIRAN domain","5/34399 | 1/1352","0.1817","0.3870"
"PF12899","Alkaline and neutral invertase","20/34399 | 2/1352","0.1846","0.3885"
"PF03144","Elongation factor Tu domain 2","20/34399 | 2/1352","0.1846","0.3885"
"PF08541","3-Oxoacyl-[acyl-carrier-protein (ACP)] synthase III C terminal","20/34399 | 2/1352","0.1846","0.3885"
"PF00782","Dual specificity phosphatase, catalytic domain","20/34399 | 2/1352","0.1846","0.3885"
"PF01264","Chorismate synthase","20/34399 | 2/1352","0.1846","0.3885"
"PF06200","tify domain","57/34399 | 4/1352","0.1854","0.3893"
"PF00271","Helicase conserved C-terminal domain","140/34399 | 8/1352","0.1867","0.3905"
"PF04398","Protein of unknown function, DUF538","38/34399 | 3/1352","0.1868","0.3905"
"PF00171","Aldehyde dehydrogenase family","58/34399 | 4/1352","0.1934","0.4033"
"PF00415","Regulator of chromosome condensation (RCC1) repeat","39/34399 | 3/1352","0.1969","0.4096"
"PF13365","Trypsin-like peptidase domain","21/34399 | 2/1352","0.1990","0.4101"
"PF14215","bHLH-MYC and R2R3-MYB transcription factors N-terminal","21/34399 | 2/1352","0.1990","0.4101"
"PF13637","Ankyrin repeats (many copies)","21/34399 | 2/1352","0.1990","0.4101"
"PF00282","Pyridoxal-dependent decarboxylase conserved domain","21/34399 | 2/1352","0.1990","0.4101"
"PF00450","Serine carboxypeptidase","100/34399 | 6/1352","0.2005","0.4118"
"PF06246","Isy1-like splicing family","59/34399 | 4/1352","0.2015","0.4118"
"PF00009","Elongation factor Tu GTP binding domain","40/34399 | 3/1352","0.2071","0.4118"
"PF00515","Tetratricopeptide repeat","22/34399 | 2/1352","0.2135","0.4118"
"PF00300","Histidine phosphatase superfamily (branch 1)","22/34399 | 2/1352","0.2135","0.4118"
"PF13844","Glycosyl transferase family 41","6/34399 | 1/1352","0.2138","0.4118"
"PF02020","eIF4-gamma/eIF5/eIF2-epsilon","6/34399 | 1/1352","0.2138","0.4118"
"PF00235","Profilin","6/34399 | 1/1352","0.2138","0.4118"
"PF04147","Nop14-like family","6/34399 | 1/1352","0.2138","0.4118"
"PF08544","GHMP kinases C terminal","6/34399 | 1/1352","0.2138","0.4118"
"PF05703","Auxin canalisation","6/34399 | 1/1352","0.2138","0.4118"
"PF07224","Chlorophyllase","6/34399 | 1/1352","0.2138","0.4118"
"PF13532","2OG-Fe(II) oxygenase superfamily","6/34399 | 1/1352","0.2138","0.4118"
"PF12265","Histone-binding protein RBBP4 or subunit C of CAF1 complex","6/34399 | 1/1352","0.2138","0.4118"
"PF04983","RNA polymerase Rpb1, domain 3","6/34399 | 1/1352","0.2138","0.4118"
"PF02209","Villin headpiece domain","6/34399 | 1/1352","0.2138","0.4118"
"PF01207","Dihydrouridine synthase (Dus)","6/34399 | 1/1352","0.2138","0.4118"
"PF00828","Ribosomal proteins 50S-L15, 50S-L18e, 60S-L27A","6/34399 | 1/1352","0.2138","0.4118"
"PF01282","Ribosomal protein S24e","6/34399 | 1/1352","0.2138","0.4118"
"PF01814","Hemerythrin HHE cation binding domain","6/34399 | 1/1352","0.2138","0.4118"
"PF02374","Anion-transporting ATPase","6/34399 | 1/1352","0.2138","0.4118"
"PF05978","Ion channel regulatory protein UNC-93","6/34399 | 1/1352","0.2138","0.4118"
"PF00900","Ribosomal family S4e","6/34399 | 1/1352","0.2138","0.4118"
"PF04832","SOUL heme-binding protein","6/34399 | 1/1352","0.2138","0.4118"
"PF00344","SecY translocase","6/34399 | 1/1352","0.2138","0.4118"
"PF01326","Pyruvate phosphate dikinase, PEP/pyruvate binding domain","6/34399 | 1/1352","0.2138","0.4118"
"PF07876","Stress responsive A/B Barrel Domain","6/34399 | 1/1352","0.2138","0.4118"
"PF02636","Putative S-adenosyl-L-methionine-dependent methyltransferase","6/34399 | 1/1352","0.2138","0.4118"
"PF02375","jmjN domain","6/34399 | 1/1352","0.2138","0.4118"
"PF05770","Inositol 1, 3, 4-trisphosphate 5/6-kinase","6/34399 | 1/1352","0.2138","0.4118"
"PF13516","Leucine Rich repeat","103/34399 | 6/1352","0.2191","0.4211"
"PF00891","O-methyltransferase","62/34399 | 4/1352","0.2265","0.4342"
"PF02701","Dof domain, zinc finger","23/34399 | 2/1352","0.2282","0.4366"
"PF00400","WD domain, G-beta repeat","216/34399 | 11/1352","0.2316","0.4421"
"PF12872","OST-HTH/LOTUS domain","24/34399 | 2/1352","0.2429","0.4457"
"PF12638","Staygreen protein","7/34399 | 1/1352","0.2447","0.4457"
"PF00637","Region in Clathrin and VPS","7/34399 | 1/1352","0.2447","0.4457"
"PF00645","Poly(ADP-ribose) polymerase and DNA-Ligase Zn-finger region","7/34399 | 1/1352","0.2447","0.4457"
"PF01202","Shikimate kinase","7/34399 | 1/1352","0.2447","0.4457"
"PF00588","SpoU rRNA Methylase family","7/34399 | 1/1352","0.2447","0.4457"
"PF12783","Guanine nucleotide exchange factor in Golgi transport N-terminal","7/34399 | 1/1352","0.2447","0.4457"
"PF07279","Protein of unknown function (DUF1442)","7/34399 | 1/1352","0.2447","0.4457"
"PF07526","Associated with HOX","7/34399 | 1/1352","0.2447","0.4457"
"PF02791","DDT domain","7/34399 | 1/1352","0.2447","0.4457"
"PF04885","Stigma-specific protein, Stig1","7/34399 | 1/1352","0.2447","0.4457"
"PF09478","Carbohydrate binding domain CBM49","7/34399 | 1/1352","0.2447","0.4457"
"PF05057","Putative serine esterase (DUF676)","7/34399 | 1/1352","0.2447","0.4457"
"PF04054","CCR4-Not complex component, Not1","7/34399 | 1/1352","0.2447","0.4457"
"PF04859","Plant protein of unknown function (DUF641)","7/34399 | 1/1352","0.2447","0.4457"
"PF01077","Nitrite and sulphite reductase 4Fe-4S domain","7/34399 | 1/1352","0.2447","0.4457"
"PF00406","Adenylate kinase","7/34399 | 1/1352","0.2447","0.4457"
"PF11250","Fantastic Four meristem regulator","7/34399 | 1/1352","0.2447","0.4457"
"PF13640","2OG-Fe(II) oxygenase superfamily","7/34399 | 1/1352","0.2447","0.4457"
"PF01590","GAF domain","7/34399 | 1/1352","0.2447","0.4457"
"PF00643","B-box zinc finger","7/34399 | 1/1352","0.2447","0.4457"
"PF01650","Peptidase C13 family","7/34399 | 1/1352","0.2447","0.4457"
"PF00010","Helix-loop-helix DNA-binding domain","129/34399 | 7/1352","0.2451","0.4457"
"PF00348","Polyprenyl synthetase","25/34399 | 2/1352","0.2576","0.4646"
"PF03953","Tubulin C-terminal domain","25/34399 | 2/1352","0.2576","0.4646"
"PF00025","ADP-ribosylation factor family","25/34399 | 2/1352","0.2576","0.4646"
"PF03151","Triose-phosphate Transporter family","45/34399 | 3/1352","0.2597","0.4646"
"PF03936","Terpene synthase family, metal binding domain","88/34399 | 5/1352","0.2646","0.4646"
"PF12796","Ankyrin repeats (3 copies)","67/34399 | 4/1352","0.2695","0.4646"
"PF00082","Subtilase family","89/34399 | 5/1352","0.2721","0.4646"
"PF00234","Protease inhibitor/seed storage/LTP family","26/34399 | 2/1352","0.2724","0.4646"
"PF14223","gag-polypeptide of LTR copia-type","26/34399 | 2/1352","0.2724","0.4646"
"PF02704","Gibberellin regulated protein","26/34399 | 2/1352","0.2724","0.4646"
"PF04059","RNA recognition motif 2","8/34399 | 1/1352","0.2744","0.4646"
"PF03619","Organic solute transporter Ostalpha","8/34399 | 1/1352","0.2744","0.4646"
"PF00191","Annexin","8/34399 | 1/1352","0.2744","0.4646"
"PF01163","RIO1 family","8/34399 | 1/1352","0.2744","0.4646"
"PF12708","Pectate lyase superfamily protein","8/34399 | 1/1352","0.2744","0.4646"
"PF03949","Malic enzyme, NAD binding domain","8/34399 | 1/1352","0.2744","0.4646"
"PF17035","Bromodomain extra-terminal - transcription regulation","8/34399 | 1/1352","0.2744","0.4646"
"PF09358","Ubiquitin fold domain","8/34399 | 1/1352","0.2744","0.4646"
"PF16135","TPL-binding domain in jasmonate signalling","8/34399 | 1/1352","0.2744","0.4646"
"PF00156","Phosphoribosyl transferase domain","8/34399 | 1/1352","0.2744","0.4646"
"PF02801","Beta-ketoacyl synthase, C-terminal domain","8/34399 | 1/1352","0.2744","0.4646"
"PF04727","ELMO/CED-12 family","8/34399 | 1/1352","0.2744","0.4646"
"PF00006","ATP synthase alpha/beta family, nucleotide-binding domain","8/34399 | 1/1352","0.2744","0.4646"
"PF04511","Der1-like family","8/34399 | 1/1352","0.2744","0.4646"
"PF04572","Alpha 1,4-glycosyltransferase conserved region","8/34399 | 1/1352","0.2744","0.4646"
"PF04515","Plasma-membrane choline transporter","8/34399 | 1/1352","0.2744","0.4646"
"PF17284","Spermidine synthase tetramerisation domain","8/34399 | 1/1352","0.2744","0.4646"
"PF00849","RNA pseudouridylate synthase","8/34399 | 1/1352","0.2744","0.4646"
"PF00111","2Fe-2S iron-sulfur cluster binding domain","8/34399 | 1/1352","0.2744","0.4646"
"PF00575","S1 RNA binding domain","8/34399 | 1/1352","0.2744","0.4646"
"PF02902","Ulp1 protease family, C-terminal catalytic domain","8/34399 | 1/1352","0.2744","0.4646"
"PF01733","Nucleoside transporter","8/34399 | 1/1352","0.2744","0.4646"
"PF04144","SCAMP family","8/34399 | 1/1352","0.2744","0.4646"
"PF02493","MORN repeat","8/34399 | 1/1352","0.2744","0.4646"
"PF04811","Sec23/Sec24 trunk domain","8/34399 | 1/1352","0.2744","0.4646"
"PF13832","PHD-zinc-finger like domain","8/34399 | 1/1352","0.2744","0.4646"
"PF06813","Nodulin-like","47/34399 | 3/1352","0.2812","0.4751"
"PF00854","POT family","113/34399 | 6/1352","0.2850","0.4806"
"PF05641","Agenet domain","27/34399 | 2/1352","0.2872","0.4824"
"PF01476","LysM domain","27/34399 | 2/1352","0.2872","0.4824"
"PF01373","Glycosyl hydrolase family 14","28/34399 | 2/1352","0.3019","0.4885"
"PF07724","AAA domain (Cdc48 subfamily)","28/34399 | 2/1352","0.3019","0.4885"
"PF00651","BTB/POZ domain","49/34399 | 3/1352","0.3028","0.4885"
"PF13414","TPR repeat","9/34399 | 1/1352","0.3030","0.4885"
"PF03719","Ribosomal protein S5, C-terminal domain","9/34399 | 1/1352","0.3030","0.4885"
"PF07800","Protein of unknown function (DUF1644)","9/34399 | 1/1352","0.3030","0.4885"
"PF03162","Tyrosine phosphatase family","9/34399 | 1/1352","0.3030","0.4885"
"PF01805","Surp module","9/34399 | 1/1352","0.3030","0.4885"
"PF00262","Calreticulin family","9/34399 | 1/1352","0.3030","0.4885"
"PF00318","Ribosomal protein S2","9/34399 | 1/1352","0.3030","0.4885"
"PF02383","SacI homology domain","9/34399 | 1/1352","0.3030","0.4885"
"PF00026","Eukaryotic aspartyl protease","9/34399 | 1/1352","0.3030","0.4885"
"PF00635","MSP (Major sperm protein) domain","9/34399 | 1/1352","0.3030","0.4885"
"PF00396","Granulin","9/34399 | 1/1352","0.3030","0.4885"
"PF02037","SAP domain","9/34399 | 1/1352","0.3030","0.4885"
"PF02151","UvrB/uvrC motif","9/34399 | 1/1352","0.3030","0.4885"
"PF01090","Ribosomal protein S19e","9/34399 | 1/1352","0.3030","0.4885"
"PF02466","Tim17/Tim22/Tim23/Pmp24 family","9/34399 | 1/1352","0.3030","0.4885"
"PF00917","MATH domain","9/34399 | 1/1352","0.3030","0.4885"
"PF01411","tRNA synthetases class II (A)","9/34399 | 1/1352","0.3030","0.4885"
"PF01652","Eukaryotic initiation factor 4E","9/34399 | 1/1352","0.3030","0.4885"
"PF02544","3-oxo-5-alpha-steroid 4-dehydrogenase","9/34399 | 1/1352","0.3030","0.4885"
"PF12854","PPR repeat","422/34399 | 19/1352","0.3046","0.4899"
"PF08240","Alcohol dehydrogenase GroES-like domain","71/34399 | 4/1352","0.3049","0.4899"
"PF14299","Phloem protein 2","29/34399 | 2/1352","0.3165","0.5076"
"PF00270","DEAD/DEAH box helicase","96/34399 | 5/1352","0.3259","0.5141"
"PF00448","SRP54-type protein, GTPase domain","10/34399 | 1/1352","0.3304","0.5141"
"PF03059","Nicotianamine synthase protein","10/34399 | 1/1352","0.3304","0.5141"
"PF02492","CobW/HypB/UreG, nucleotide-binding domain","10/34399 | 1/1352","0.3304","0.5141"
"PF01151","GNS1/SUR4 family","10/34399 | 1/1352","0.3304","0.5141"
"PF00569","Zinc finger, ZZ type","10/34399 | 1/1352","0.3304","0.5141"
"PF04053","Coatomer WD associated region","10/34399 | 1/1352","0.3304","0.5141"
"PF00789","UBX domain","10/34399 | 1/1352","0.3304","0.5141"
"PF13646","HEAT repeats","10/34399 | 1/1352","0.3304","0.5141"
"PF00795","Carbon-nitrogen hydrolase","10/34399 | 1/1352","0.3304","0.5141"
"PF02784","Pyridoxal-dependent decarboxylase, pyridoxal binding domain","10/34399 | 1/1352","0.3304","0.5141"
"PF07496","CW-type Zinc Finger","10/34399 | 1/1352","0.3304","0.5141"
"PF00957","Synaptobrevin","10/34399 | 1/1352","0.3304","0.5141"
"PF00777","Glycosyltransferase family 29 (sialyltransferase)","10/34399 | 1/1352","0.3304","0.5141"
"PF08030","Ferric reductase NAD binding domain","10/34399 | 1/1352","0.3304","0.5141"
"PF00150","Cellulase (glycosyl hydrolase family 5)","30/34399 | 2/1352","0.3311","0.5141"
"PF01556","DnaJ C terminal domain","30/34399 | 2/1352","0.3311","0.5141"
"PF04770","ZF-HD protein dimerisation region","30/34399 | 2/1352","0.3311","0.5141"
"PF00225","Kinesin motor domain","74/34399 | 4/1352","0.3318","0.5143"
"PF10250","GDP-fucose protein O-fucosyltransferase","53/34399 | 3/1352","0.3462","0.5314"
"PF03168","Late embryogenesis abundant protein","53/34399 | 3/1352","0.3462","0.5314"
"PF00109","Beta-ketoacyl synthase, N-terminal domain","11/34399 | 1/1352","0.3567","0.5314"
"PF03763","Remorin, C-terminal region","11/34399 | 1/1352","0.3567","0.5314"
"PF03649","Uncharacterised protein family (UPF0014)","11/34399 | 1/1352","0.3567","0.5314"
"PF08613","Cyclin","11/34399 | 1/1352","0.3567","0.5314"
"PF00773","RNB domain","11/34399 | 1/1352","0.3567","0.5314"
"PF00512","His Kinase A (phospho-acceptor) domain","11/34399 | 1/1352","0.3567","0.5314"
"PF04734","Neutral/alkaline non-lysosomal ceramidase, N-terminal","11/34399 | 1/1352","0.3567","0.5314"
"PF05879","Root hair defective 3 GTP-binding protein (RHD3)","11/34399 | 1/1352","0.3567","0.5314"
"PF17135","Ribosomal protein 60S L18 and 50S L18e","11/34399 | 1/1352","0.3567","0.5314"
"PF01336","OB-fold nucleic acid binding domain","11/34399 | 1/1352","0.3567","0.5314"
"PF04969","CS domain","11/34399 | 1/1352","0.3567","0.5314"
"PF03178","CPSF A subunit region","11/34399 | 1/1352","0.3567","0.5314"
"PF03145","Seven in absentia protein family","11/34399 | 1/1352","0.3567","0.5314"
"PF13460","NAD(P)H-binding","11/34399 | 1/1352","0.3567","0.5314"
"PF00349","Hexokinase","11/34399 | 1/1352","0.3567","0.5314"
"PF00355","Rieske [2Fe-2S] domain","11/34399 | 1/1352","0.3567","0.5314"
"PF00488","MutS domain V","11/34399 | 1/1352","0.3567","0.5314"
"PF00857","Isochorismatase family","11/34399 | 1/1352","0.3567","0.5314"
"PF00334","Nucleoside diphosphate kinase","11/34399 | 1/1352","0.3567","0.5314"
"PF03087","Arabidopsis protein of unknown function","11/34399 | 1/1352","0.3567","0.5314"
"PF01008","Initiation factor 2 subunit family","11/34399 | 1/1352","0.3567","0.5314"
"PF00903","Glyoxalase/Bleomycin resistance protein/Dioxygenase superfamily","32/34399 | 2/1352","0.3600","0.5345"
"PF02518","Histidine kinase-, DNA gyrase B-, and HSP90-like ATPase","32/34399 | 2/1352","0.3600","0.5345"
"PF12819","Carbohydrate-binding protein of the ER","101/34399 | 5/1352","0.3651","0.5412"
"PF12937","F-box-like","55/34399 | 3/1352","0.3679","0.5444"
"PF03081","Exo70 exocyst complex subunit","33/34399 | 2/1352","0.3743","0.5529"
"PF00179","Ubiquitin-conjugating enzyme","79/34399 | 4/1352","0.3767","0.5550"
"PF01554","MatE","103/34399 | 5/1352","0.3808","0.5550"
"PF00333","Ribosomal protein S5, N-terminal domain","12/34399 | 1/1352","0.3820","0.5550"
"PF12874","Zinc-finger of C2H2 type","12/34399 | 1/1352","0.3820","0.5550"
"PF00636","Ribonuclease III domain","12/34399 | 1/1352","0.3820","0.5550"
"PF00696","Amino acid kinase family","12/34399 | 1/1352","0.3820","0.5550"
"PF03468","XS domain","12/34399 | 1/1352","0.3820","0.5550"
"PF01179","Copper amine oxidase, enzyme domain","12/34399 | 1/1352","0.3820","0.5550"
"PF14308","X-domain of DnaJ-containing","12/34399 | 1/1352","0.3820","0.5550"
"PF14383","DUF761-associated sequence motif","12/34399 | 1/1352","0.3820","0.5550"
"PF13456","Reverse transcriptase-like","80/34399 | 4/1352","0.3857","0.5595"
"PF00538","linker histone H1 and H5 family","34/34399 | 2/1352","0.3884","0.5625"
"PF05922","Peptidase inhibitor I9","57/34399 | 3/1352","0.3894","0.5630"
"PF07859","alpha/beta hydrolase fold","81/34399 | 4/1352","0.3947","0.5697"
"PF01926","50S ribosome-binding GTPase","35/34399 | 2/1352","0.4024","0.5743"
"PF01073","3-beta hydroxysteroid dehydrogenase/isomerase family","35/34399 | 2/1352","0.4024","0.5743"
"PF00194","Eukaryotic-type carbonic anhydrase","13/34399 | 1/1352","0.4063","0.5743"
"PF00187","Chitin recognition protein","13/34399 | 1/1352","0.4063","0.5743"
"PF09265","Cytokinin dehydrogenase 1, FAD and cytokinin binding","13/34399 | 1/1352","0.4063","0.5743"
"PF03088","Strictosidine synthase","13/34399 | 1/1352","0.4063","0.5743"
"PF00956","Nucleosome assembly protein (NAP)","13/34399 | 1/1352","0.4063","0.5743"
"PF01496","V-type ATPase 116kDa subunit family","13/34399 | 1/1352","0.4063","0.5743"
"PF06830","Root cap","13/34399 | 1/1352","0.4063","0.5743"
"PF01145","SPFH domain / Band 7 family","13/34399 | 1/1352","0.4063","0.5743"
"PF13419","Haloacid dehalogenase-like hydrolase","13/34399 | 1/1352","0.4063","0.5743"
"PF03348","Serine incorporator (Serinc)","13/34399 | 1/1352","0.4063","0.5743"
"PF05193","Peptidase M16 inactive domain","13/34399 | 1/1352","0.4063","0.5743"
"PF00294","pfkB family carbohydrate kinase","36/34399 | 2/1352","0.4162","0.5874"
"PF00168","C2 domain","108/34399 | 5/1352","0.4199","0.5902"
"PF08244","Glycosyl hydrolases family 32 C terminal","14/34399 | 1/1352","0.4296","0.5902"
"PF01363","FYVE zinc finger","14/34399 | 1/1352","0.4296","0.5902"
"PF01694","Rhomboid family","14/34399 | 1/1352","0.4296","0.5902"
"PF03372","Endonuclease/Exonuclease/phosphatase family","14/34399 | 1/1352","0.4296","0.5902"
"PF00175","Oxidoreductase NAD-binding domain","14/34399 | 1/1352","0.4296","0.5902"
"PF02181","Formin Homology 2 Domain","14/34399 | 1/1352","0.4296","0.5902"
"PF01217","Clathrin adaptor complex small chain","14/34399 | 1/1352","0.4296","0.5902"
"PF01412","Putative GTPase activating protein for Arf","14/34399 | 1/1352","0.4296","0.5902"
"PF16486","N-terminal domain of argonaute","14/34399 | 1/1352","0.4296","0.5902"
"PF01532","Glycosyl hydrolase family 47","14/34399 | 1/1352","0.4296","0.5902"
"PF00343","Carbohydrate phosphorylase","14/34399 | 1/1352","0.4296","0.5902"
"PF01545","Cation efflux family","14/34399 | 1/1352","0.4296","0.5902"
"PF01434","Peptidase family M41","14/34399 | 1/1352","0.4296","0.5902"
"PF01612","3-5 exonuclease","14/34399 | 1/1352","0.4296","0.5902"
"PF02887","Pyruvate kinase, alpha/beta domain","14/34399 | 1/1352","0.4296","0.5902"
"PF13967","Late exocytosis, associated with Golgi transport","14/34399 | 1/1352","0.4296","0.5902"
"PF01397","Terpene synthase, N-terminal domain","62/34399 | 3/1352","0.4422","0.6059"
"PF00295","Glycosyl hydrolases family 28","38/34399 | 2/1352","0.4434","0.6059"
"PF00855","PWWP domain","15/34399 | 1/1352","0.4521","0.6059"
"PF00397","WW domain","15/34399 | 1/1352","0.4521","0.6059"
"PF02212","Dynamin GTPase effector domain","15/34399 | 1/1352","0.4521","0.6059"
"PF00152","tRNA synthetases class II (D, K and N)","15/34399 | 1/1352","0.4521","0.6059"
"PF00574","Clp protease","15/34399 | 1/1352","0.4521","0.6059"
"PF07707","BTB And C-terminal Kelch","15/34399 | 1/1352","0.4521","0.6059"
"PF05755","Rubber elongation factor protein (REF)","15/34399 | 1/1352","0.4521","0.6059"
"PF00909","Ammonium Transporter Family","15/34399 | 1/1352","0.4521","0.6059"
"PF00626","Gelsolin repeat","15/34399 | 1/1352","0.4521","0.6059"
"PF00459","Inositol monophosphatase family","15/34399 | 1/1352","0.4521","0.6059"
"PF00520","Ion transport protein","15/34399 | 1/1352","0.4521","0.6059"
"PF01679","Proteolipid membrane potential modulator","15/34399 | 1/1352","0.4521","0.6059"
"PF08711","TFIIS helical bundle-like domain","15/34399 | 1/1352","0.4521","0.6059"
"PF08699","Argonaute linker 1 domain","15/34399 | 1/1352","0.4521","0.6059"
"PF00170","bZIP transcription factor","39/34399 | 2/1352","0.4567","0.6113"
"PF00083","Sugar (and other) transporter","163/34399 | 7/1352","0.4601","0.6149"
"PF01370","NAD dependent epimerase/dehydratase family","89/34399 | 4/1352","0.4652","0.6152"
"PF13520","Amino acid permease","40/34399 | 2/1352","0.4699","0.6152"
"PF01699","Sodium/calcium exchanger protein","16/34399 | 1/1352","0.4736","0.6152"
"PF07002","Copine","16/34399 | 1/1352","0.4736","0.6152"
"PF13417","Glutathione S-transferase, N-terminal domain","16/34399 | 1/1352","0.4736","0.6152"
"PF00023","Ankyrin repeat","16/34399 | 1/1352","0.4736","0.6152"
"PF00257","Dehydrin","16/34399 | 1/1352","0.4736","0.6152"
"PF06814","Lung seven transmembrane receptor","16/34399 | 1/1352","0.4736","0.6152"
"PF00562","RNA polymerase Rpb2, domain 6","16/34399 | 1/1352","0.4736","0.6152"
"PF03030","Inorganic H+ pyrophosphatase","16/34399 | 1/1352","0.4736","0.6152"
"PF00311","Phosphoenolpyruvate carboxylase","16/34399 | 1/1352","0.4736","0.6152"
"PF08372","Plant phosphoribosyltransferase C-terminal","16/34399 | 1/1352","0.4736","0.6152"
"PF02866","lactate/malate dehydrogenase, alpha/beta C-terminal domain","16/34399 | 1/1352","0.4736","0.6152"
"PF06203","CCT motif","16/34399 | 1/1352","0.4736","0.6152"
"PF13178","Protein of unknown function (DUF4005)","16/34399 | 1/1352","0.4736","0.6152"
"PF10294","Lysine methyltransferase","16/34399 | 1/1352","0.4736","0.6152"
"PF13359","DDE superfamily endonuclease","16/34399 | 1/1352","0.4736","0.6152"
"PF00928","Adaptor complexes medium subunit family","16/34399 | 1/1352","0.4736","0.6152"
"PF00614","Phospholipase D Active site motif","16/34399 | 1/1352","0.4736","0.6152"
"PF13639","Ring finger domain","266/34399 | 11/1352","0.4750","0.6161"
"PF01095","Pectinesterase","116/34399 | 5/1352","0.4814","0.6225"
"PF00106","short chain dehydrogenase","116/34399 | 5/1352","0.4814","0.6225"
"PF00155","Aminotransferase class I and II","66/34399 | 3/1352","0.4832","0.6240"
"PF17181","Epidermal patterning factor proteins","17/34399 | 1/1352","0.4943","0.6325"
"PF05212","Protein of unknown function (DUF707)","17/34399 | 1/1352","0.4943","0.6325"
"PF01459","Eukaryotic porin","17/34399 | 1/1352","0.4943","0.6325"
"PF00916","Sulfate permease family","17/34399 | 1/1352","0.4943","0.6325"
"PF00056","lactate/malate dehydrogenase, NAD binding domain","17/34399 | 1/1352","0.4943","0.6325"
"PF05910","Plant protein of unknown function (DUF868)","17/34399 | 1/1352","0.4943","0.6325"
"PF00176","SNF2 family N-terminal domain","42/34399 | 2/1352","0.4956","0.6325"
"PF00091","Tubulin/FtsZ family, GTPase domain","42/34399 | 2/1352","0.4956","0.6325"
"PF03330","Lytic transglycolase","69/34399 | 3/1352","0.5130","0.6488"
"PF01398","JAB1/Mov34/MPN/PAD-1 ubiquitin protease","18/34399 | 1/1352","0.5142","0.6488"
"PF16488","Argonaute linker 2 domain","18/34399 | 1/1352","0.5142","0.6488"
"PF02136","Nuclear transport factor 2 (NTF2) domain","18/34399 | 1/1352","0.5142","0.6488"
"PF05498","Rapid ALkalinization Factor (RALF)","18/34399 | 1/1352","0.5142","0.6488"
"PF02045","CCAAT-binding transcription factor (CBF-B/NF-YA) subunit B","18/34399 | 1/1352","0.5142","0.6488"
"PF13602","Zinc-binding dehydrogenase","18/34399 | 1/1352","0.5142","0.6488"
"PF04146","YT521-B-like domain","18/34399 | 1/1352","0.5142","0.6488"
"PF00125","Core histone H2A/H2B/H3/H4","95/34399 | 4/1352","0.5161","0.6503"
"PF00112","Papain family cysteine protease","44/34399 | 2/1352","0.5204","0.6530"
"PF00098","Zinc knuckle","44/34399 | 2/1352","0.5204","0.6530"
"PF01593","Flavin containing amine oxidoreductase","44/34399 | 2/1352","0.5204","0.6530"
"PF00226","DnaJ domain","122/34399 | 5/1352","0.5260","0.6560"
"PF14543","Xylanase inhibitor N-terminal","148/34399 | 6/1352","0.5275","0.6560"
"PF00132","Bacterial transferase hexapeptide (six repeats)","19/34399 | 1/1352","0.5333","0.6560"
"PF00307","Calponin homology (CH) domain","19/34399 | 1/1352","0.5333","0.6560"
"PF00704","Glycosyl hydrolases family 18","19/34399 | 1/1352","0.5333","0.6560"
"PF05686","Glycosyl transferase family 90","19/34399 | 1/1352","0.5333","0.6560"
"PF01293","Phosphoenolpyruvate carboxykinase","19/34399 | 1/1352","0.5333","0.6560"
"PF00447","HSF-type DNA-binding","19/34399 | 1/1352","0.5333","0.6560"
"PF01494","FAD binding domain","19/34399 | 1/1352","0.5333","0.6560"
"PF01965","DJ-1/PfpI family","19/34399 | 1/1352","0.5333","0.6560"
"PF00255","Glutathione peroxidase","19/34399 | 1/1352","0.5333","0.6560"
"PF00743","Flavin-binding monooxygenase-like","19/34399 | 1/1352","0.5333","0.6560"
"PF01425","Amidase","19/34399 | 1/1352","0.5333","0.6560"
"PF00326","Prolyl oligopeptidase family","19/34399 | 1/1352","0.5333","0.6560"
"PF00046","Homeobox domain","72/34399 | 3/1352","0.5418","0.6655"
"PF13193","AMP-binding enzyme C-terminal domain","46/34399 | 2/1352","0.5445","0.6679"
"PF00230","Major intrinsic protein","73/34399 | 3/1352","0.5512","0.6693"
"PF04043","Plant invertase/pectin methylesterase inhibitor","73/34399 | 3/1352","0.5512","0.6693"
"PF06955","Xyloglucan endo-transglycosylase (XET) C-terminus","73/34399 | 3/1352","0.5512","0.6693"
"PF03109","ABC1 family","20/34399 | 1/1352","0.5516","0.6693"
"PF00483","Nucleotidyl transferase","20/34399 | 1/1352","0.5516","0.6693"
"PF03547","Membrane transport protein","20/34399 | 1/1352","0.5516","0.6693"
"PF12076","WAX2 C-terminal domain","20/34399 | 1/1352","0.5516","0.6693"
"PF08246","Cathepsin propeptide inhibitor domain (I29)","20/34399 | 1/1352","0.5516","0.6693"
"PF00249","Myb-like DNA-binding domain","337/34399 | 13/1352","0.5669","0.6841"
"PF00642","Zinc finger C-x8-C-x5-C-x3-H type (and similar)","48/34399 | 2/1352","0.5677","0.6841"
"PF01426","BAH domain","21/34399 | 1/1352","0.5693","0.6841"
"PF01553","Acyltransferase","21/34399 | 1/1352","0.5693","0.6841"
"PF08879","WRC","21/34399 | 1/1352","0.5693","0.6841"
"PF03242","Late embryogenesis abundant protein","21/34399 | 1/1352","0.5693","0.6841"
"PF00650","CRAL/TRIO domain","21/34399 | 1/1352","0.5693","0.6841"
"PF02496","ABA/WDS induced protein","49/34399 | 2/1352","0.5790","0.6938"
"PF00954","S-locus glycoprotein domain","49/34399 | 2/1352","0.5790","0.6938"
"PF13086","AAA domain","22/34399 | 1/1352","0.5862","0.6987"
"PF04862","Protein of unknown function (DUF642)","22/34399 | 1/1352","0.5862","0.6987"
"PF01697","Glycosyltransferase family 92","22/34399 | 1/1352","0.5862","0.6987"
"PF00368","Hydroxymethylglutaryl-coenzyme A reductase","22/34399 | 1/1352","0.5862","0.6987"
"PF00702","haloacid dehalogenase-like hydrolase","50/34399 | 2/1352","0.5900","0.7023"
"PF14510","ABC-transporter extracellular N-terminal","23/34399 | 1/1352","0.6025","0.7114"
"PF05097","Protein of unknown function (DUF688)","23/34399 | 1/1352","0.6025","0.7114"
"PF00462","Glutaredoxin","23/34399 | 1/1352","0.6025","0.7114"
"PF04116","Fatty acid hydroxylase superfamily","23/34399 | 1/1352","0.6025","0.7114"
"PF04749","PLAC8 family","23/34399 | 1/1352","0.6025","0.7114"
"PF12697","Alpha/beta hydrolase family","23/34399 | 1/1352","0.6025","0.7114"
"PF00856","SET domain","52/34399 | 2/1352","0.6115","0.7210"
"PF05512","AWPM-19-like family","24/34399 | 1/1352","0.6181","0.7259"
"PF00180","Isocitrate/isopropylmalate dehydrogenase","24/34399 | 1/1352","0.6181","0.7259"
"PF00244","14-3-3 protein","24/34399 | 1/1352","0.6181","0.7259"
"PF00182","Chitinase class I","54/34399 | 2/1352","0.6320","0.7348"
"PF00305","Lipoxygenase","54/34399 | 2/1352","0.6320","0.7348"
"PF00800","Prephenate dehydratase","25/34399 | 1/1352","0.6331","0.7348"
"PF04185","Phosphoesterase family","25/34399 | 1/1352","0.6331","0.7348"
"PF02183","Homeobox associated leucine zipper","25/34399 | 1/1352","0.6331","0.7348"
"PF10431","C-terminal, D2-small domain, of ClpB protein","25/34399 | 1/1352","0.6331","0.7348"
"PF00439","Bromodomain","25/34399 | 1/1352","0.6331","0.7348"
"PF00254","FKBP-type peptidyl-prolyl cis-trans isomerase","25/34399 | 1/1352","0.6331","0.7348"
"PF00224","Pyruvate kinase, barrel domain","25/34399 | 1/1352","0.6331","0.7348"
"PF08370","Plant PDR ABC transporter associated","26/34399 | 1/1352","0.6476","0.7447"
"PF00407","Pathogenesis-related protein Bet v I family","26/34399 | 1/1352","0.6476","0.7447"
"PF13181","Tetratricopeptide repeat","26/34399 | 1/1352","0.6476","0.7447"
"PF01734","Patatin-like phospholipase","26/34399 | 1/1352","0.6476","0.7447"
"PF12146","Serine aminopeptidase, S33","26/34399 | 1/1352","0.6476","0.7447"
"PF02854","MIF4G domain","26/34399 | 1/1352","0.6476","0.7447"
"PF04520","Senescence regulator","26/34399 | 1/1352","0.6476","0.7447"
"PF03552","Cellulose synthase","85/34399 | 3/1352","0.6543","0.7505"
"PF00514","Armadillo/beta-catenin-like repeat","85/34399 | 3/1352","0.6543","0.7505"
"PF00724","NADH:flavin oxidoreductase / NADH oxidase family","27/34399 | 1/1352","0.6614","0.7567"
"PF04570","zinc-finger of the FCS-type, C2-C2","27/34399 | 1/1352","0.6614","0.7567"
"PF03143","Elongation factor Tu C-terminal domain","28/34399 | 1/1352","0.6747","0.7699"
"PF03031","NLI interacting factor-like phosphatase","28/34399 | 1/1352","0.6747","0.7699"
"PF00501","AMP-binding enzyme","117/34399 | 4/1352","0.6797","0.7746"
"PF00060","Ligand-gated ion channel","29/34399 | 1/1352","0.6875","0.7815"
"PF02170","PAZ domain","29/34399 | 1/1352","0.6875","0.7815"
"PF00240","Ubiquitin family","120/34399 | 4/1352","0.6987","0.7903"
"PF00664","ABC transporter transmembrane region","91/34399 | 3/1352","0.6991","0.7903"
"PF00497","Bacterial extracellular solute-binding proteins, family 3","30/34399 | 1/1352","0.6998","0.7903"
"PF13966","zinc-binding in reverse transcriptase","30/34399 | 1/1352","0.6998","0.7903"
"PF03107","C1 domain","30/34399 | 1/1352","0.6998","0.7903"
"PF01344","Kelch motif","121/34399 | 4/1352","0.7049","0.7950"
"PF16211","C-terminus of histone H2A","31/34399 | 1/1352","0.7116","0.8006"
"PF00035","Double-stranded RNA binding motif","31/34399 | 1/1352","0.7116","0.8006"
"PF13499","EF-hand domain pair","94/34399 | 3/1352","0.7198","0.8077"
"PF00332","Glycosyl hydrolases family 17","94/34399 | 3/1352","0.7198","0.8077"
"PF00190","Cupin","64/34399 | 2/1352","0.7223","0.8082"
"PF13306","Leucine rich repeats (6 copies)","64/34399 | 2/1352","0.7223","0.8082"
"PF13833","EF-hand domain pair","32/34399 | 1/1352","0.7230","0.8082"
"PF02536","mTERF","125/34399 | 4/1352","0.7286","0.8135"
"PF03094","Mlo family","33/34399 | 1/1352","0.7339","0.8152"
"PF13087","AAA domain","33/34399 | 1/1352","0.7339","0.8152"
"PF00118","TCP-1/cpn60 chaperonin family","33/34399 | 1/1352","0.7339","0.8152"
"PF01915","Glycosyl hydrolase family 3 C-terminal domain","33/34399 | 1/1352","0.7339","0.8152"
"PF01094","Receptor family ligand binding region","34/34399 | 1/1352","0.7444","0.8258"
"PF11744","Aluminium activated malate transporter","35/34399 | 1/1352","0.7544","0.8349"
"PF13912","C2H2-type zinc finger","35/34399 | 1/1352","0.7544","0.8349"
"PF00149","Calcineurin-like phosphoesterase","69/34399 | 2/1352","0.7600","0.8400"
"PF00808","Histone-like transcription factor (CBF/NF-Y) and archaeal histone","37/34399 | 1/1352","0.7734","0.8516"
"PF03479","Domain of unknown function (DUF296)","37/34399 | 1/1352","0.7734","0.8516"
"PF14416","PMR5 N terminal Domain","37/34399 | 1/1352","0.7734","0.8516"
"PF03407","Nucleotide-diphospho-sugar transferase","38/34399 | 1/1352","0.7823","0.8571"
"PF02309","AUX/IAA family","38/34399 | 1/1352","0.7823","0.8571"
"PF07983","X8 domain","38/34399 | 1/1352","0.7823","0.8571"
"PF07899","Frigida-like protein","38/34399 | 1/1352","0.7823","0.8571"
"PF03106","WRKY DNA -binding domain","73/34399 | 2/1352","0.7868","0.8610"
"PF14226","non-haem dioxygenase in morphine synthesis N-terminal","167/34399 | 5/1352","0.7896","0.8622"
"PF00732","GMC oxidoreductase","39/34399 | 1/1352","0.7908","0.8622"
"PF01501","Glycosyl transferase family 8","39/34399 | 1/1352","0.7908","0.8622"
"PF01061","ABC-2 type transporter","75/34399 | 2/1352","0.7992","0.8703"
"PF03140","Plant protein of unknown function","108/34399 | 3/1352","0.8018","0.8720"
"PF14111","Domain of unknown function (DUF4283)","41/34399 | 1/1352","0.8070","0.8755"
"PF05659","Arabidopsis broad-spectrum mildew resistance protein RPW8","41/34399 | 1/1352","0.8070","0.8755"
"PF12799","Leucine Rich repeats (2 copies)","77/34399 | 2/1352","0.8110","0.8766"
"PF00892","EamA-like transporter family","77/34399 | 2/1352","0.8110","0.8766"
"PF01357","Pollen allergen","77/34399 | 2/1352","0.8110","0.8766"
"PF05199","GMC oxidoreductase","42/34399 | 1/1352","0.8146","0.8794"
"PF00227","Proteasome subunit","43/34399 | 1/1352","0.8219","0.8854"
"PF03018","Dirigent-like protein","79/34399 | 2/1352","0.8222","0.8854"
"PF00043","Glutathione S-transferase, C-terminal domain","44/34399 | 1/1352","0.8289","0.8915"
"PF02225","PA domain","45/34399 | 1/1352","0.8356","0.8966"
"PF02984","Cyclin, C-terminal domain","45/34399 | 1/1352","0.8356","0.8966"
"PF04564","U-box domain","83/34399 | 2/1352","0.8427","0.9031"
"PF04937","Protein of unknown function (DUF 659)","84/34399 | 2/1352","0.8475","0.9071"
"PF13839","GDSL/SGNH-like Acyl-Esterase family found in Pmr5 and Cas1p","48/34399 | 1/1352","0.8543","0.9133"
"PF04525","LURP-one-related","49/34399 | 1/1352","0.8600","0.9183"
"PF01585","G-patch domain","50/34399 | 1/1352","0.8655","0.9231"
"PF00005","ABC transporter","221/34399 | 6/1352","0.8698","0.9265"
"PF00443","Ubiquitin carboxyl-terminal hydrolase","52/34399 | 1/1352","0.8759","0.9319"
"PF00122","E1-E2 ATPase","53/34399 | 1/1352","0.8808","0.9360"
"PF00759","Glycosyl hydrolase family 9","54/34399 | 1/1352","0.8855","0.9375"
"PF01565","FAD binding domain","54/34399 | 1/1352","0.8855","0.9375"
"PF13561","Enoyl-(Acyl carrier protein) reductase","54/34399 | 1/1352","0.8855","0.9375"
"PF14009","Domain of unknown function (DUF4228)","129/34399 | 3/1352","0.8865","0.9375"
"PF01764","Lipase (class 3)","130/34399 | 3/1352","0.8896","0.9397"
"PF03169","OPT oligopeptide transporter protein","56/34399 | 1/1352","0.8943","0.9435"
"PF00085","Thioredoxin","57/34399 | 1/1352","0.8985","0.9468"
"PF00657","GDSL-like Lipase/Acylhydrolase","99/34399 | 2/1352","0.9050","0.9525"
"PF02798","Glutathione S-transferase, N-terminal domain","60/34399 | 1/1352","0.9100","0.9560"
"PF05368","NmrA-like family","101/34399 | 2/1352","0.9109","0.9560"
"PF14380","Wall-associated receptor kinase C-terminal","61/34399 | 1/1352","0.9135","0.9560"
"PF00722","Glycosyl hydrolases family 16","102/34399 | 2/1352","0.9137","0.9560"
"PF02365","No apical meristem (NAM) protein","102/34399 | 2/1352","0.9137","0.9560"
"PF03141","Putative S-adenosyl-L-methionine-dependent methyltransferase","62/34399 | 1/1352","0.9169","0.9571"
"PF00134","Cyclin, N-terminal domain","62/34399 | 1/1352","0.9169","0.9571"
"PF02298","Plastocyanin-like domain","63/34399 | 1/1352","0.9202","0.9594"
"PF00481","Protein phosphatase 2C","143/34399 | 3/1352","0.9233","0.9604"
"PF00561","alpha/beta hydrolase fold","64/34399 | 1/1352","0.9234","0.9604"
"PF00847","AP2 domain","247/34399 | 6/1352","0.9258","0.9618"
"PF14368","Probable lipid transfer","69/34399 | 1/1352","0.9373","0.9726"
"PF03171","2OG-Fe(II) oxygenase superfamily","187/34399 | 4/1352","0.9389","0.9731"
"PF07731","Multicopper oxidase","115/34399 | 2/1352","0.9436","0.9761"
"PF00012","Hsp70 protein","116/34399 | 2/1352","0.9454","0.9761"
"PF05699","hAT family C-terminal dimerisation region","73/34399 | 1/1352","0.9466","0.9761"
"PF05553","Cotton fibre expressed protein","73/34399 | 1/1352","0.9466","0.9761"
"PF13812","Pentatricopeptide repeat domain","156/34399 | 3/1352","0.9473","0.9761"
"PF00107","Zinc-binding dehydrogenase","74/34399 | 1/1352","0.9487","0.9764"
"PF00139","Legume lectin domain","122/34399 | 2/1352","0.9553","0.9791"
"PF00232","Glycosyl hydrolase family 1","78/34399 | 1/1352","0.9563","0.9791"
"PF07732","Multicopper oxidase","79/34399 | 1/1352","0.9581","0.9791"
"PF00582","Universal stress protein family","79/34399 | 1/1352","0.9581","0.9791"
"PF00319","SRF-type transcription factor (DNA-binding and dimerisation domain)","79/34399 | 1/1352","0.9581","0.9791"
"PF01453","D-mannose binding lectin","79/34399 | 1/1352","0.9581","0.9791"
"PF00022","Actin","81/34399 | 1/1352","0.9613","0.9813"
"PF03492","SAM dependent carboxyl methyltransferase","83/34399 | 1/1352","0.9643","0.9832"
"PF00646","F-box domain","171/34399 | 3/1352","0.9663","0.9841"
"PF00011","Hsp20/alpha crystallin family","86/34399 | 1/1352","0.9683","0.9851"
"PF01582","TIR domain","345/34399 | 7/1352","0.9835","0.9975"
"PF00394","Multicopper oxidase","103/34399 | 1/1352","0.9840","0.9975"
"PF00560","Leucine Rich Repeat","486/34399 | 11/1352","0.9847","0.9975"
"PF07714","Protein tyrosine kinase","586/34399 | 14/1352","0.9851","0.9975"
"PF00069","Protein kinase domain","1251/34399 | 35/1352","0.9883","0.9984"
"PF03195","Lateral organ boundaries (LOB) domain","111/34399 | 1/1352","0.9884","0.9984"
"PF08263","Leucine rich repeat N-terminal domain","434/34399 | 9/1352","0.9894","0.9984"
"PF00403","Heavy-metal-associated domain","119/34399 | 1/1352","0.9916","0.9995"
"PF13855","Leucine rich repeat","791/34399 | 19/1352","0.9934","0.9996"
"PF01657","Salt stress response/antifungal","236/34399 | 3/1352","0.9957","0.9996"
"PF02519","Auxin responsive protein","140/34399 | 1/1352","0.9964","0.9996"
"PF00067","Cytochrome P450","597/34399 | 12/1352","0.9972","0.9996"
"PF00931","NB-ARC domain","669/34399 | 14/1352","0.9974","0.9996"
"PF00141","Peroxidase","287/34399 | 3/1352","0.9992","0.9996"
"PF00201","UDP-glucoronosyl and UDP-glucosyl transferase","254/34399 | 2/1352","0.9996","0.9996"